Name,Score
hiva_agnostic,0.9625
BurkittLymphoma,0.7136363636363636
leukemia,0.6923809523809523
tumors_C,0.5666666666666667
AP_Breast_Prostate,0.9879518072289157
AP_Endometrium_Breast,0.8395061728395061
AP_Omentum_Uterus,0.7465853658536584
AP_Omentum_Prostate,0.9590804597701149
AP_Colon_Lung,0.8760799294739934
AP_Breast_Omentum,0.8052100840336134
OVA_Breast,0.7521035598705502
AP_Uterus_Kidney,0.9531100478468899
OVA_Lung,0.9126213592233011
AP_Prostate_Uterus,0.9843454790823213
AP_Omentum_Lung,0.7784146341463416
AP_Endometrium_Colon,0.9538302277432711
OVA_Kidney,0.9676375404530745
AP_Colon_Prostate,0.9802816901408452
AP_Lung_Uterus,0.836
AP_Colon_Kidney,0.9633527939949958
OVA_Uterus,0.9119741100323626
OVA_Omentum,0.9488673139158574
AP_Ovary_Lung,0.8333653846153846
AP_Endometrium_Prostate,0.9615384615384615
OVA_Endometrium,0.9540453074433657
AP_Colon_Omentum,0.9230593607305936
AP_Prostate_Kidney,0.9878787878787879
AP_Breast_Colon,0.9412698412698413
OVA_Prostate,0.9462783171521035
AP_Omentum_Kidney,0.9612818261633012
AP_Breast_Uterus,0.9103180050331732
AP_Ovary_Kidney,0.971595795508839
AP_Breast_Lung,0.8063829787234044
AP_Endometrium_Omentum,0.8693121693121693
AP_Prostate_Ovary,0.9888888888888889
AP_Colon_Ovary,0.9050472508591065
AP_Endometrium_Lung,0.8982930298719772
AP_Prostate_Lung,0.9589743589743589
AP_Omentum_Ovary,0.7309090909090908
AP_Endometrium_Kidney,0.9656730769230769
AP_Breast_Kidney,0.9669146005509642
AP_Endometrium_Ovary,0.748868778280543
AP_Colon_Uterus,0.9341463414634147
OVA_Colon,0.9229773462783172
AP_Ovary_Uterus,0.6771634615384615
AP_Lung_Kidney,0.950849150849151
AP_Endometrium_Uterus,0.6000000000000001
AP_Breast_Ovary,0.8487088005436629
OVA_Ovary,0.8627831715210356
eating,0.182010582010582
amazon-commerce-reviews,0.08266666666666667
arcene,0.6249999999999999
micro-mass,0.586111111111111
micro-mass,0.28547673531655227
Bioresponse,0.593
CIFAR_10_small,0.16249999999999998
UMIST_Faces_Cropped,0.5530434782608695
STL-10,0.16850000000000004
arcene,0.63
guillermo,0.5215
riccardo,1.0
dilbert,0.392
robert,0.16649999999999998
SVHN_small,0.9465
kits-subset,0.6100000000000001
kits,0.639
toxicity,0.590420168067227
Bioresponse,0.5675000000000001
